id,code,element_type,now_cost,name,team,team_code,goals_scored,assists,own_goals,penalties_missed,total_points,points_per_game,team_name,position
1,154561,1,5.5,David Raya Martín,1,3,0,0,0,0,142,3.7,Arsenal,GKP
2,109745,1,4.5,Kepa Arrizabalaga Revuelta,1,3,0,0,0,0,106,3.4,Arsenal,GKP
3,463748,1,4.0,Karl Hein,1,3,0,0,0,0,0,0.0,Arsenal,GKP
4,551221,1,4.0,Tommy Setford,1,3,0,0,0,0,0,0.0,Arsenal,GKP
5,226597,2,6.0,Gabriel dos Santos Magalhães,1,3,3,2,0,0,117,4.2,Arsenal,DEF
6,462424,2,6.0,William Saliba,1,3,2,0,0,0,130,3.7,Arsenal,DEF
7,466075,2,5.5,Riccardo Calafiori,1,3,2,1,0,0,39,2.1,Arsenal,DEF
8,445122,2,5.5,Jurriën Timber,1,3,1,3,0,0,114,3.8,Arsenal,DEF
9,440854,2,5.5,Jakub Kiwior,1,3,1,0,0,0,43,2.5,Arsenal,DEF
10,499169,2,5.5,Myles Lewis-Skelly,1,3,1,0,0,0,37,1.6,Arsenal,DEF
11,198869,2,5.5,Benjamin White,1,3,0,2,0,0,50,2.9,Arsenal,DEF
12,206325,2,5.0,Oleksandr Zinchenko,1,3,0,1,0,0,40,2.7,Arsenal,DEF
13,563324,2,4.0,Brayden Clarke,1,3,0,0,0,0,0,0.0,Arsenal,DEF
14,588793,2,4.0,Maldini Kacurri,1,3,0,0,0,0,0,0.0,Arsenal,DEF
15,499167,2,4.0,Josh Nichols,1,3,0,0,0,0,0,0.0,Arsenal,DEF
16,223340,3,10.0,Bukayo Saka,1,3,6,11,0,0,127,5.1,Arsenal,MID
17,184029,3,8.0,Martin Ødegaard,1,3,3,9,0,0,116,3.9,Arsenal,MID
18,248857,3,7.0,Noni Madueke,1,3,7,5,0,0,120,3.8,Arsenal,MID
19,444145,3,7.0,Gabriel Martinelli Silva,1,3,8,4,0,0,125,3.8,Arsenal,MID
20,116216,3,7.0,Leandro Trossard,1,3,8,8,0,0,152,4.0,Arsenal,MID
21,204480,3,6.5,Declan Rice,1,3,4,7,0,0,127,3.6,Arsenal,MID
22,195384,3,6.0,Mikel Merino Zazón,1,3,7,2,0,0,92,3.3,Arsenal,MID
23,438098,3,5.5,Fábio Ferreira Vieira,1,3,0,0,0,0,0,0.0,Arsenal,MID
24,128295,3,5.5,Christian Nørgaard,1,3,5,5,0,0,107,3.1,Arsenal,MID
25,499175,3,5.5,Ethan Nwaneri,1,3,4,2,0,0,66,2.5,Arsenal,MID
26,481655,3,5.5,Martín Zubimendi Ibáñez,1,3,0,0,0,0,0,0.0,Arsenal,MID
27,200641,3,5.0,Reiss Nelson,1,3,1,1,0,0,27,2.2,Arsenal,MID
28,588796,3,4.5,Ismeal Kabia,1,3,0,0,0,0,0,0.0,Arsenal,MID
29,437742,3,4.5,Albert Sambi Lokonga,1,3,0,0,0,0,0,0.0,Arsenal,MID
30,219847,4,7.5,Kai Havertz,1,3,9,3,0,0,97,4.2,Arsenal,FWD
31,205651,4,6.5,Gabriel Fernando de Jesus,1,3,3,2,0,0,42,2.5,Arsenal,FWD
662,500040,2,5.5,Cristhian Mosquera,1,3,0,0,0,0,0,0.0,Arsenal,DEF
666,224117,4,9.0,Viktor Gyökeres,1,3,0,0,0,0,0,0.0,Arsenal,FWD
32,98980,1,5.0,Emiliano Martínez Romero,2,7,0,0,0,0,111,3.0,Aston Villa,GKP
33,72147,1,4.5,Marco Bizot,2,7,0,0,0,0,0,0.0,Aston Villa,GKP
34,462492,1,4.0,Joe Gauci,2,7,0,0,0,0,0,0.0,Aston Villa,GKP
35,462381,1,4.0,Filip Marschall,2,7,0,0,0,0,0,0.0,Aston Villa,GKP
36,199796,2,4.5,Matty Cash,2,7,1,1,0,0,76,2.8,Aston Villa,DEF
37,101188,2,4.5,Lucas Digne,2,7,0,5,0,0,89,2.8,Aston Villa,DEF
38,199798,2,4.5,Ezri Konsa Ngoyo,2,7,2,0,0,0,103,3.0,Aston Villa,DEF
39,441302,2,4.5,Ian Maatsen,2,7,1,2,0,0,57,2.0,Aston Villa,DEF
40,149484,2,4.5,Tyrone Mings,2,7,0,1,0,0,47,3.4,Aston Villa,DEF
41,244954,2,4.5,Pau Torres,2,7,0,0,0,0,55,2.3,Aston Villa,DEF
42,606798,2,4.0,Andrés García,2,7,0,0,0,0,8,1.1,Aston Villa,DEF
43,106468,2,4.0,Álex Moreno Lopera,2,7,0,1,0,0,34,2.3,Aston Villa,DEF
44,515597,2,4.0,Lamare Bogarde,2,7,0,0,0,0,6,0.8,Aston Villa,DEF
45,514315,2,4.0,Lino da Cruz Sousa,2,7,0,0,0,0,0,0.0,Aston Villa,DEF
46,587178,2,4.0,Yasin Özcan,2,7,0,0,0,0,0,0.0,Aston Villa,DEF
47,244850,3,7.0,Morgan Rogers,2,7,8,11,0,0,161,4.4,Aston Villa,MID
48,166989,3,6.0,Youri Tielemans,2,7,3,7,0,1,121,3.4,Aston Villa,MID
49,215711,3,5.5,Leon Bailey,2,7,1,2,0,0,47,2.0,Aston Villa,MID
50,195546,3,5.5,Emiliano Buendía Stati,2,7,0,0,0,0,11,0.9,Aston Villa,MID
51,469247,3,5.5,Samuel Iling-Junior,2,7,0,0,0,0,0,0.0,Aston Villa,MID
52,232653,3,5.5,Jacob Ramsey,2,7,1,4,0,0,66,2.3,Aston Villa,MID
53,204646,3,5.5,Donyell Malen,2,7,3,0,0,0,34,2.4,Aston Villa,MID
54,122806,3,5.5,John McGinn,2,7,1,4,0,0,78,2.3,Aston Villa,MID
55,88894,3,5.0,Ross Barkley,2,7,3,1,0,0,44,2.2,Aston Villa,MID
56,491287,3,5.0,Enzo Barrenechea,2,7,0,0,0,0,0,0.0,Aston Villa,MID
57,461421,3,5.0,Lewis Dobbin,2,7,0,0,0,0,0,0.0,Aston Villa,MID
58,226944,3,5.0,Boubacar Kamara,2,7,1,0,0,0,57,2.2,Aston Villa,MID
59,449871,3,5.0,Amadou Onana,2,7,3,0,0,0,65,2.5,Aston Villa,MID
60,577731,3,4.5,Ben Broggio,2,7,0,0,0,0,0,0.0,Aston Villa,MID
61,151589,3,4.5,Leander Dendoncker,2,7,0,0,0,0,0,0.0,Aston Villa,MID
62,559962,3,4.5,Jamaldeen Jimoh-Aloba,2,7,0,0,0,0,0,0.0,Aston Villa,MID
63,537403,3,4.5,Kadan Young,2,7,0,0,0,0,0,0.0,Aston Villa,MID
64,178301,4,9.0,Ollie Watkins,2,7,16,8,0,0,186,4.9,Aston Villa,FWD
65,576756,4,4.5,Zépiqueno Redmond,2,7,0,0,0,0,0,0.0,Aston Villa,FWD
183,518030,1,4.5,Max Weiß,3,90,0,0,0,0,0,0.0,Burnley,GKP
184,489571,1,4.0,Etienne Green,3,90,0,0,0,0,0,0.0,Burnley,GKP
185,51943,1,4.0,Václav Hladký,3,90,0,0,0,0,0,0.0,Burnley,GKP
186,192290,2,4.5,Connor Roberts,3,90,0,0,0,0,0,0.0,Burnley,DEF
187,58621,2,4.5,Kyle Walker,3,90,0,0,0,0,13,0.9,Burnley,DEF
188,247245,2,4.0,Hannes Delcroix,3,90,0,0,0,0,0,0.0,Burnley,DEF
189,461567,2,4.0,Owen Dodgson,3,90,0,0,0,0,0,0.0,Burnley,DEF
190,478969,2,4.0,Hjalmar Ekdal,3,90,0,0,0,0,0,0.0,Burnley,DEF
191,477717,2,4.0,Maxime Estève,3,90,0,0,0,0,0,0.0,Burnley,DEF
192,494960,2,4.0,Quilindschy Hartman,3,90,0,0,0,0,0,0.0,Burnley,DEF
193,461188,2,4.0,Bashir Humphreys,3,90,0,0,0,0,0,0.0,Burnley,DEF
194,241231,2,4.0,Jordan Beyer,3,90,0,0,0,0,0,0.0,Burnley,DEF
195,549329,2,4.0,Lucas Pires Silva,3,90,0,0,0,0,0,0.0,Burnley,DEF
196,450072,2,4.0,Shurandy Sambo,3,90,0,0,0,0,0,0.0,Burnley,DEF
197,519895,2,4.0,Oliver Sonne,3,90,0,0,0,0,0,0.0,Burnley,DEF
198,180804,2,4.0,Axel Tuanzebe,3,90,0,1,1,0,27,1.2,Burnley,DEF
199,208912,2,4.0,Joe Worrall,3,90,0,0,0,0,0,0.0,Burnley,DEF
200,444180,3,5.5,Jaidon Anthony,3,90,0,0,0,0,0,0.0,Burnley,MID
201,183751,3,5.5,Manuel Benson Hedilazio,3,90,0,0,0,0,0,0.0,Burnley,MID
202,179458,3,5.5,Jacob Bruun Larsen,3,90,0,0,0,0,0,0.0,Burnley,MID
203,578614,3,5.0,Enock Agyei,3,90,0,0,0,0,0,0.0,Burnley,MID
204,250735,3,5.0,Darko Churlinov,3,90,0,0,0,0,0,0.0,Burnley,MID
205,172567,3,5.0,Josh Cullen,3,90,0,0,0,0,0,0.0,Burnley,MID
206,174592,3,5.0,Marcus Edwards,3,90,0,0,0,0,0,0.0,Burnley,MID
207,465527,3,5.0,Hannibal Mejbri,3,90,0,0,0,0,0,0.0,Burnley,MID
208,487702,3,5.0,Luca Koleosho,3,90,0,0,0,0,0,0.0,Burnley,MID
209,167887,3,5.0,Josh Laurent,3,90,0,0,0,0,0,0.0,Burnley,MID
210,469272,3,5.0,Loum Tchaouna,3,90,0,0,0,0,0,0.0,Burnley,MID
211,447715,3,4.5,Aaron Ramsey,3,90,0,0,0,0,0,0.0,Burnley,MID
212,576323,3,4.5,Oluwaseun Adewumi,3,90,0,0,0,0,0,0.0,Burnley,MID
213,551206,3,4.5,Jaydon Banel,3,90,0,0,0,0,0,0.0,Burnley,MID
214,437748,3,4.5,Mike Trésor Ndayishimiye,3,90,0,0,0,0,0,0.0,Burnley,MID
215,431639,4,5.5,Zian Flemming,3,90,0,0,0,0,0,0.0,Burnley,FWD
216,492831,4,5.0,Zeki Amdouni,3,90,0,0,0,0,0,0.0,Burnley,FWD
217,435973,4,5.0,Lyle Foster,3,90,0,0,0,0,0,0.0,Burnley,FWD
218,44699,4,4.5,Ashley Barnes,3,90,0,0,0,0,0,0.0,Burnley,FWD
219,220598,4,4.5,Michael Obafemi,3,90,0,0,0,0,0,0.0,Burnley,FWD
66,69752,1,4.5,Norberto Murara Neto,4,91,0,0,0,0,7,3.5,Bournemouth,GKP
67,457569,1,4.5,Đorđe Petrović,4,91,0,0,0,0,0,0.0,Bournemouth,GKP
68,444172,1,4.0,Will Dennis,4,91,0,0,0,0,0,0.0,Bournemouth,GKP
69,568791,1,4.0,Callan McKenna,4,91,0,0,0,0,0,0.0,Bournemouth,GKP
70,495145,1,4.0,Alex Paulsen,4,91,0,0,0,0,0,0.0,Bournemouth,GKP
71,477580,2,5.0,Illia Zabarnyi,4,91,0,1,0,0,94,2.6,Bournemouth,DEF
72,221466,2,4.5,Marcos Senesi Barón,4,91,0,0,0,0,31,1.8,Bournemouth,DEF
73,54469,2,4.5,Adam Smith,4,91,0,0,0,0,57,2.3,Bournemouth,DEF
74,494521,2,4.5,Adrien Truffert,4,91,0,0,0,0,0,0.0,Bournemouth,DEF
75,541462,2,4.0,Matai Akinmboni,4,91,0,0,0,0,0,0.0,Bournemouth,DEF
76,518906,2,4.0,Owen Bevan,4,91,0,0,0,0,0,0.0,Bournemouth,DEF
77,463981,2,4.0,James Hill,4,91,0,1,0,0,17,1.7,Bournemouth,DEF
78,436893,2,4.0,Julián Araujo Zúñiga,4,91,0,0,0,0,12,1.0,Bournemouth,DEF
79,223911,2,4.0,Chris Mepham,4,91,0,0,0,0,0,0.0,Bournemouth,DEF
80,575901,2,4.0,Julio Soler Barreto,4,91,0,0,0,0,3,1.0,Bournemouth,DEF
81,222683,3,7.0,Justin Kluivert,4,91,12,6,0,0,158,4.6,Bournemouth,MID
82,437730,3,7.0,Antoine Semenyo,4,91,11,7,0,0,165,4.5,Bournemouth,MID
83,533463,3,6.0,Dango Ouattara,4,91,7,4,0,0,111,3.5,Bournemouth,MID
84,201658,3,5.5,Marcus Tavernier,4,91,3,7,0,0,87,3.0,Bournemouth,MID
85,200785,3,5.0,Tyler Adams,4,91,0,3,0,0,58,2.1,Bournemouth,MID
86,111317,3,5.0,David Brooks,4,91,2,1,0,0,52,1.8,Bournemouth,MID
87,158499,3,5.0,Ryan Christie,4,91,2,3,0,0,76,2.6,Bournemouth,MID
88,155408,3,5.0,Lewis Cook,4,91,1,4,0,0,82,2.3,Bournemouth,MID
89,168991,3,5.0,Philip Billing,4,91,0,0,0,0,10,1.0,Bournemouth,MID
90,503139,3,5.0,Alex Scott,4,91,0,0,0,0,26,1.3,Bournemouth,MID
91,224995,3,5.0,Luis Sinisterra Lucumí,4,91,1,1,0,0,23,1.9,Bournemouth,MID
92,441240,3,4.5,Romain Faivre,4,91,0,0,0,0,0,0.0,Bournemouth,MID
93,424044,3,4.5,Hamed Traorè,4,91,0,0,0,0,0,0.0,Bournemouth,MID
94,550596,3,4.5,Dominic Sadi,4,91,0,0,0,0,0,0.0,Bournemouth,MID
95,530121,3,4.5,Zain Silcott-Duberry,4,91,0,0,0,0,1,1.0,Bournemouth,MID
96,606775,3,4.5,Ben Winterburn,4,91,0,0,0,0,4,1.0,Bournemouth,MID
97,444102,4,7.0,Francisco Evanilson de Lima Barbosa,4,91,10,5,0,1,128,4.1,Bournemouth,FWD
98,168636,4,5.5,Enes Ünal,4,91,2,1,0,0,32,1.9,Bournemouth,FWD
99,590760,4,4.5,Daniel Adu-Adjei,4,91,0,0,0,0,0,0.0,Bournemouth,FWD
100,560262,4,4.5,Eli Junior Kroupi,4,91,0,0,0,0,0,0.0,Bournemouth,FWD
101,200720,1,4.5,Caoimhín Kelleher,5,94,0,0,0,0,45,4.5,Brentford,GKP
102,235448,1,4.0,Ellery Balcombe,5,94,0,0,0,0,0,0.0,Brentford,GKP
103,503300,1,4.0,Matthew Cox,5,94,0,0,0,0,0,0.0,Brentford,GKP
104,535017,1,4.0,Julian Eyestone,5,94,0,0,0,0,0,0.0,Brentford,GKP
105,507433,1,4.0,Hákon Rafn Valdimarsson,5,94,0,0,0,0,2,1.0,Brentford,GKP
106,432830,2,5.0,Nathan Collins,5,94,2,7,0,0,127,3.3,Brentford,DEF
107,249231,2,5.0,Keane Lewis-Potter,5,94,1,5,0,0,94,2.5,Brentford,DEF
108,191866,2,4.5,Kristoffer Ajer,5,94,0,0,0,0,39,1.6,Brentford,DEF
109,194010,2,4.5,Rico Henry,5,94,0,0,0,0,4,0.8,Brentford,DEF
110,607464,2,4.5,Michael Kayode,5,94,0,1,0,0,27,2.2,Brentford,DEF
111,231065,2,4.5,Ethan Pinnock,5,94,2,0,1,0,47,2.1,Brentford,DEF
112,226956,2,4.5,Mads Roerslev Rasmussen,5,94,0,2,0,0,36,1.9,Brentford,DEF
113,444765,2,4.5,Sepp van den Berg,5,94,0,1,0,0,62,2.0,Brentford,DEF
114,622536,2,4.0,Benjamin Arthur,5,94,0,0,0,0,0,0.0,Brentford,DEF
115,612534,2,4.0,Benjamin Fredrick,5,94,0,0,0,0,0,0.0,Brentford,DEF
116,472713,2,4.0,Aaron Hickey,5,94,0,0,0,0,0,0.0,Brentford,DEF
117,570241,2,4.0,Kim Ji-soo,5,94,0,0,0,0,3,1.0,Brentford,DEF
118,499717,2,4.0,Jayden Meghoma,5,94,0,0,0,0,1,1.0,Brentford,DEF
120,513418,3,7.0,Kevin Schade,5,94,11,4,0,0,149,3.9,Brentford,MID
121,440089,3,6.0,Mikkel Damsgaard,5,94,2,10,0,0,131,3.4,Brentford,MID
122,543295,3,5.5,Antoni Milambo,5,94,0,0,0,0,0,0.0,Brentford,MID
123,244858,3,5.0,Fábio Freitas Gouveia Carvalho,5,94,2,1,0,0,35,1.8,Brentford,MID
124,56979,3,5.0,Jordan Henderson,5,94,0,0,0,0,0,0.0,Brentford,MID
125,204580,3,5.0,Vitaly Janelt,5,94,1,3,2,0,73,2.3,Brentford,MID
126,207283,3,5.0,Mathias Jensen,5,94,0,2,0,0,38,1.6,Brentford,MID
127,626464,3,5.0,Gustavo Nunes Fernandes Gomes,5,94,0,0,0,0,3,1.0,Brentford,MID
128,428580,3,5.0,Frank Onyeka,5,94,0,0,0,0,2,1.0,Brentford,MID
129,508395,3,5.0,Yehor Yarmoliuk,5,94,0,0,0,0,43,1.4,Brentford,MID
130,606689,3,4.5,Romelle Donovan,5,94,0,0,0,0,0,0.0,Brentford,MID
131,628204,3,4.5,Yunus Emre Konak,5,94,0,0,0,0,10,1.0,Brentford,MID
132,220695,3,4.5,Paris Maghoma,5,94,0,0,0,0,8,1.0,Brentford,MID
133,450539,3,4.5,Myles Peart-Harris,5,94,0,0,0,0,0,0.0,Brentford,MID
134,591357,3,4.5,Ryan Trevitt,5,94,0,0,0,0,1,1.0,Brentford,MID
135,216646,4,7.5,Yoane Wissa,5,94,18,6,0,0,185,5.3,Brentford,FWD
136,502500,4,6.0,Igor Thiago Nascimento Rodrigues,5,94,0,0,0,0,9,1.1,Brentford,FWD
137,533710,4,4.5,Iwan Morgan,5,94,0,0,0,0,0,0.0,Brentford,FWD
138,49262,1,4.5,Jason Steele,6,36,0,0,0,0,9,4.5,Brighton,GKP
139,489639,1,4.5,Bart Verbruggen,6,36,0,1,0,0,103,2.9,Brighton,GKP
140,209288,1,4.0,Tom McGill,6,36,0,0,0,0,0,0.0,Brighton,GKP
141,472739,1,4.0,Carl Rushworth,6,36,0,0,0,0,0,0.0,Brighton,GKP
142,240514,1,4.0,Kjell Scherpen,6,36,0,0,0,0,0,0.0,Brighton,GKP
143,204120,2,4.5,Olivier Boscagli,6,36,0,0,0,0,0,0.0,Brighton,DEF
144,550090,2,4.5,Diego Coppola,6,36,0,0,0,0,0,0.0,Brighton,DEF
145,465730,2,4.5,Maxim De Cuyper,6,36,0,0,0,0,0,0.0,Brighton,DEF
146,83299,2,4.5,Lewis Dunk,6,36,0,1,1,0,44,1.8,Brighton,DEF
147,204214,2,4.5,Pervis Estupiñán Tenorio,6,36,1,1,0,0,63,2.1,Brighton,DEF
148,231416,2,4.5,Ferdi Kadıoğlu,6,36,1,0,0,0,19,3.2,Brighton,DEF
149,223434,2,4.5,Igor Julio dos Santos de Paulo,6,36,0,0,0,0,18,1.4,Brighton,DEF
150,232792,2,4.5,Tariq Lamptey,6,36,2,2,0,0,42,2.8,Brighton,DEF
151,469142,2,4.5,Jan Paul van Hecke,6,36,1,1,0,0,87,2.6,Brighton,DEF
152,111478,2,4.5,Joël Veltman,6,36,0,0,0,0,59,2.8,Brighton,DEF
153,110735,2,4.5,Adam Webster,6,36,0,1,0,0,39,2.8,Brighton,DEF
154,439135,2,4.0,Eiran Cashin,6,36,0,0,0,0,1,0.5,Brighton,DEF
155,589100,2,4.0,Jacob Slater,6,36,0,0,0,0,0,0.0,Brighton,DEF
156,547720,2,4.0,Charlie Tasker,6,36,0,0,0,0,0,0.0,Brighton,DEF
157,451340,3,6.5,Mitoma Kaoru,6,36,10,5,0,0,145,4.0,Brighton,MID
158,463067,3,6.0,Georginio Rutter,6,36,5,6,0,0,95,3.4,Brighton,MID
159,109345,3,6.0,Solly March,6,36,0,0,0,0,7,0.9,Brighton,MID
160,592031,3,6.0,Yankuba Minteh,6,36,6,5,0,0,102,3.2,Brighton,MID
161,474120,3,5.5,Julio Enciso Espínola,6,36,2,3,0,0,59,2.4,Brighton,MID
162,513433,3,5.5,Brajan Gruda,6,36,1,4,0,0,45,2.1,Brighton,MID
163,532529,3,5.5,Jack Hinshelwood,6,36,5,3,0,0,89,3.4,Brighton,MID
164,219249,3,5.5,Matt O'Riley,6,36,2,3,1,0,50,2.4,Brighton,MID
165,516211,3,5.5,Abdallah Sima,6,36,0,0,0,0,0,0.0,Brighton,MID
166,509416,3,5.0,Yasin Ayari,6,36,2,1,0,0,74,2.2,Brighton,MID
167,535301,3,5.0,Carlos Baleba,6,36,3,1,0,0,87,2.6,Brighton,MID
168,536916,3,5.0,Facundo Buonanotte,6,36,5,2,0,0,75,2.4,Brighton,MID
169,514254,3,5.0,Diego Gómez Amarilla,6,36,1,1,0,0,30,1.9,Brighton,MID
170,15157,3,5.0,James Milner,6,36,0,0,0,0,6,1.5,Brighton,MID
171,441192,3,5.0,Jeremy Sarmiento Morante,6,36,0,0,0,0,1,1.0,Brighton,MID
172,549074,3,5.0,Tom Watson,6,36,0,0,0,0,0,0.0,Brighton,MID
173,467779,3,5.0,Mats Wieffer,6,36,1,5,0,0,52,2.1,Brighton,MID
174,611695,3,5.0,Malick Yalcouyé,6,36,0,0,0,0,0,0.0,Brighton,MID
175,567121,3,4.5,Joe Knight,6,36,0,0,0,0,0,0.0,Brighton,MID
176,550141,3,4.5,Adrian Mazilu,6,36,0,0,0,0,0,0.0,Brighton,MID
177,513834,3,4.5,Andrew Moran,6,36,0,0,0,0,0,0.0,Brighton,MID
178,50175,4,6.5,Danny Welbeck,6,36,10,5,0,0,125,4.2,Brighton,FWD
179,487117,4,5.5,Evan Ferguson,6,36,1,0,0,0,28,1.3,Brighton,FWD
180,608181,4,5.5,Stefanos Tzimas,6,36,0,0,0,0,0,0.0,Brighton,FWD
181,647850,4,5.0,Charalampos Kostoulas,6,36,0,0,0,0,0,0.0,Brighton,FWD
220,215059,1,5.0,Robert Lynch Sánchez,7,8,0,0,0,0,126,3.9,Chelsea,GKP
221,508479,1,4.5,Filip Jörgensen,7,8,0,0,0,0,18,3.0,Chelsea,GKP
222,549939,1,4.0,Mike Penders,7,8,0,0,0,0,0,0.0,Chelsea,GKP
223,471798,1,4.0,Gabriel Słonina,7,8,0,0,0,0,0,0.0,Chelsea,GKP
224,179268,2,6.0,Marc Cucurella Saseta,7,8,5,2,0,0,133,3.7,Chelsea,DEF
225,225796,2,5.5,Reece James,7,8,1,2,0,0,54,2.8,Chelsea,DEF
226,180736,2,5.0,Trevoh Chalobah,7,8,3,1,0,0,93,3.7,Chelsea,DEF
227,460028,2,5.0,Levi Samuels Colwill,7,8,2,1,0,0,109,3.1,Chelsea,DEF
228,482609,2,5.0,Malo Gusto,7,8,0,1,0,0,60,1.9,Chelsea,DEF
229,242880,2,4.5,Benoît Badiashile Mukinayi,7,8,0,0,0,0,7,1.4,Chelsea,DEF
230,444463,2,4.5,Wesley Fofana,7,8,0,0,0,0,26,1.9,Chelsea,DEF
231,574458,2,4.5,Mamadou Sarr,7,8,0,0,0,0,0,0.0,Chelsea,DEF
232,109646,2,4.5,Tosin Adarabioyo,7,8,1,1,0,0,71,3.2,Chelsea,DEF
233,577016,2,4.0,Josh Acheampong,7,8,0,0,0,0,4,1.0,Chelsea,DEF
234,622758,2,4.0,Aarón Anselmino,7,8,0,0,0,0,0,0.0,Chelsea,DEF
235,244851,3,10.5,Cole Palmer,7,8,15,10,0,1,214,5.8,Chelsea,MID
236,247632,3,7.0,Pedro Lomba Neto,7,8,4,6,0,0,104,3.0,Chelsea,MID
237,448047,3,6.5,Enzo Fernández,7,8,6,8,0,0,135,3.8,Chelsea,MID
238,624773,3,6.5,Estêvão Almeida de Oliveira Gonçalves,7,8,0,0,0,0,0,0.0,Chelsea,MID
239,463936,3,6.5,Jamie Bynoe-Gittens,7,8,0,0,0,0,0,0.0,Chelsea,MID
240,213198,3,6.0,Christopher Nkunku,7,8,3,2,0,0,60,2.2,Chelsea,MID
241,486672,3,5.5,Moisés Caicedo Corozo,7,8,1,4,0,0,98,2.6,Chelsea,MID
242,215413,3,5.0,Kiernan Dewsbury-Hall,7,8,0,1,0,0,18,1.4,Chelsea,MID
243,550615,3,5.0,Tyrique George,7,8,1,1,0,0,17,2.1,Chelsea,MID
244,514356,3,5.0,Roméo Lavia,7,8,0,1,0,0,26,1.6,Chelsea,MID
245,465920,3,5.0,Mykhailo Mudryk,7,8,0,0,0,0,7,1.0,Chelsea,MID
246,532605,3,4.5,Andrey Nascimento dos Santos,7,8,0,0,0,0,0,0.0,Chelsea,MID
247,491007,3,4.5,Dário Luís Essugo,7,8,0,0,0,0,0,0.0,Chelsea,MID
248,611134,3,4.5,Kendry Páez Andrade,7,8,0,0,0,0,0,0.0,Chelsea,MID
249,475168,4,7.5,João Pedro Junqueira de Jesus,7,8,10,6,0,0,126,4.7,Chelsea,FWD
250,463034,4,6.5,Liam Delap,7,8,12,2,0,0,132,3.6,Chelsea,FWD
251,517052,4,6.5,Nicolas Jackson,7,8,10,6,0,0,121,4.0,Chelsea,FWD
252,499309,4,4.5,Marc Guiu Paz,7,8,0,0,0,0,3,1.0,Chelsea,FWD
253,172649,1,5.0,Dean Henderson,8,31,0,0,0,0,135,3.6,Crystal Palace,GKP
254,121709,1,4.0,Walter Benítez,8,31,0,0,0,0,0,0.0,Crystal Palace,GKP
255,169593,1,4.0,Remi Matthews,8,31,0,0,0,0,0,0.0,Crystal Palace,GKP
256,247348,2,5.5,Daniel Muñoz Mejía,8,31,4,6,0,0,142,3.8,Crystal Palace,DEF
257,437499,2,5.0,Maxence Lacroix,8,31,1,2,0,0,114,3.3,Crystal Palace,DEF
258,244723,2,5.0,Tyrick Mitchell,8,31,0,6,0,0,123,3.3,Crystal Palace,DEF
259,218364,2,5.0,Borna Sosa,8,31,0,0,0,0,0,0.0,Crystal Palace,DEF
260,209036,2,4.5,Marc Guéhi,8,31,3,2,3,0,116,3.4,Crystal Palace,DEF
261,427623,2,4.5,Chris Richards,8,31,1,1,0,0,68,2.8,Crystal Palace,DEF
262,515621,2,4.0,Chadi Riad Dnanou,8,31,0,0,0,0,1,1.0,Crystal Palace,DEF
263,57328,2,4.0,Nathaniel Clyne,8,31,0,0,0,0,18,1.4,Crystal Palace,DEF
264,156074,2,4.0,Rob Holding,8,31,0,0,0,0,0,0.0,Crystal Palace,DEF
265,590012,2,4.0,Caleb Kporha,8,31,0,0,0,0,2,1.0,Crystal Palace,DEF
266,232413,3,7.5,Eberechi Eze,8,31,8,8,0,1,148,4.4,Crystal Palace,MID
267,232185,3,6.5,Ismaïla Sarr,8,31,8,7,0,0,149,3.9,Crystal Palace,MID
268,438464,3,5.0,Cheick Doucouré,8,31,0,1,0,0,19,1.5,Crystal Palace,MID
269,606921,3,5.0,Romain Esse,8,31,1,2,0,0,22,3.1,Crystal Palace,MID
270,108413,3,5.0,Will Hughes,8,31,0,4,0,0,67,2.0,Crystal Palace,MID
271,209400,3,5.0,Daichi Kamada,8,31,0,0,0,0,45,1.3,Crystal Palace,MID
272,152551,3,5.0,Jefferson Lerma Solís,8,31,0,1,0,0,58,1.8,Crystal Palace,MID
273,496221,3,5.0,Adam Wharton,8,31,0,2,0,0,42,2.1,Crystal Palace,MID
274,579075,3,4.5,Asher Agbinone,8,31,0,0,0,0,2,1.0,Crystal Palace,MID
275,466117,3,4.5,Naouirou Ahamada,8,31,0,0,0,0,0,0.0,Crystal Palace,MID
276,489706,3,4.5,Justin Devenny,8,31,1,1,0,0,34,1.5,Crystal Palace,MID
277,450535,3,4.5,Malcolm Ebiowei,8,31,0,0,0,0,0,0.0,Crystal Palace,MID
278,450542,3,4.5,Jesurun Rak-Sakyi,8,31,0,0,0,0,0,0.0,Crystal Palace,MID
279,536694,3,4.5,Matheus França de Oliveira,8,31,1,0,0,0,9,2.2,Crystal Palace,MID
280,531989,3,4.5,David Ozoh,8,31,0,0,0,0,0,0.0,Crystal Palace,MID
281,530318,3,4.5,Kaden Rodney,8,31,0,0,0,0,0,0.0,Crystal Palace,MID
282,574398,3,4.5,Franco Umeh-Chibueze,8,31,0,0,0,0,0,0.0,Crystal Palace,MID
283,231747,4,7.5,Jean-Philippe Mateta,8,31,14,2,0,0,150,4.1,Crystal Palace,FWD
284,205533,4,5.5,Eddie Nketiah,8,31,3,2,0,0,53,1.8,Crystal Palace,FWD
285,199670,4,5.0,Odsonne Édouard,8,31,0,0,0,0,7,1.2,Crystal Palace,FWD
286,576980,4,4.5,Zach Marsh,8,31,0,0,0,0,0,0.0,Crystal Palace,FWD
287,111234,1,5.5,Jordan Pickford,9,11,0,1,0,0,158,4.2,Everton,GKP
288,229600,1,4.5,Mark Travers,9,11,0,0,0,0,19,3.8,Everton,GKP
289,447325,1,4.0,Harry Tyrer,9,11,0,0,0,0,0,0.0,Everton,GKP
290,480455,2,5.5,Jarrad Branthwaite,9,11,0,1,0,0,88,2.9,Everton,DEF
291,17761,2,5.5,James Tarkowski,9,11,1,1,0,0,105,3.2,Everton,DEF
292,224967,2,5.0,Vitalii Mykolenko,9,11,1,3,0,0,121,3.5,Everton,DEF
293,512462,2,5.0,Jake O'Brien,9,11,2,0,0,0,65,3.2,Everton,DEF
294,59949,2,4.5,Séamus Coleman,9,11,0,0,0,0,5,1.0,Everton,DEF
295,106611,2,4.5,Michael Keane,9,11,3,0,0,0,48,3.4,Everton,DEF
296,243571,2,4.5,Nathan Patterson,9,11,0,1,0,0,14,1.4,Everton,DEF
297,496178,2,4.0,Roman Dixon,9,11,0,0,0,0,0,0.0,Everton,DEF
298,474907,2,4.0,Reece Welch,9,11,0,0,0,0,0,0.0,Everton,DEF
299,440993,3,6.5,Iliman Ndiaye,9,11,9,0,0,0,114,3.5,Everton,MID
300,433154,3,6.0,Dwight McNeil,9,11,4,8,0,0,93,4.4,Everton,MID
301,502697,3,5.5,Carlos Alcaraz Durán,9,11,2,3,0,0,44,2.8,Everton,MID
302,80801,3,5.5,Idrissa Gana Gueye,9,11,0,3,0,0,89,2.4,Everton,MID
303,232928,3,5.0,James Garner,9,11,0,1,0,0,42,2.0,Everton,MID
304,490094,3,5.0,Tim Iroegbunam,9,11,0,1,0,0,22,1.2,Everton,MID
305,609873,3,4.5,Harrison Armstrong,9,11,0,0,0,0,2,0.7,Everton,MID
306,547801,3,4.5,Callum Bates,9,11,0,0,0,0,0,0.0,Everton,MID
307,504296,3,4.5,Coby Ebere,9,11,0,0,0,0,0,0.0,Everton,MID
308,496279,3,4.5,Isaac Heath,9,11,0,0,0,0,0,0.0,Everton,MID
309,491557,3,4.5,Jenson Metcalfe,9,11,0,0,0,0,0,0.0,Everton,MID
310,586309,4,6.0,Thierno Barry,9,11,0,0,0,0,0,0.0,Everton,FWD
311,486385,4,5.5,Norberto Bercique Gomes Betuncal,9,11,8,0,0,0,87,2.9,Everton,FWD
312,491012,4,5.0,Youssef Ramalho Chermiti,9,11,0,0,0,0,3,0.8,Everton,FWD
313,536241,4,4.5,Martin Sherif,9,11,0,0,0,0,0,0.0,Everton,FWD
667,499300,2,4.5,Adam Aznou,9,11,0,0,0,0,0,0.0,Everton,DEF
314,80201,1,5.0,Bernd Leno,10,54,0,2,0,0,115,3.0,Fulham,GKP
315,428971,1,4.0,Steven Benda,10,54,0,0,0,0,0,0.0,Fulham,GKP
316,169528,2,5.0,Antonee Robinson,10,54,0,10,0,0,106,2.9,Fulham,DEF
317,174874,2,4.5,Joachim Andersen,10,54,0,0,1,0,51,1.7,Fulham,DEF
318,232892,2,4.5,Calvin Bassey,10,54,1,0,0,0,75,2.1,Fulham,DEF
319,166477,2,4.5,Timothy Castagne,10,54,0,1,0,0,46,1.9,Fulham,DEF
320,219924,2,4.5,Issa Diop,10,54,0,0,1,0,31,1.5,Fulham,DEF
321,246301,2,4.5,Jorge Cuenca Barreno,10,54,0,0,0,0,9,1.1,Fulham,DEF
322,167074,2,4.5,Kenny Tete,10,54,0,2,0,0,49,2.2,Fulham,DEF
323,591385,2,4.0,Samuel Amissah,10,54,0,0,0,0,0,0.0,Fulham,DEF
324,153133,3,6.5,Alex Iwobi,10,54,9,6,0,0,156,4.1,Fulham,MID
325,209289,3,6.0,Emile Smith Rowe,10,54,6,3,0,0,114,3.4,Fulham,MID
326,159533,3,5.5,Adama Traoré Diarra,10,54,2,8,0,0,95,2.6,Fulham,MID
327,156689,3,5.5,Andreas Hoelgebaum Pereira,10,54,2,6,0,1,81,2.5,Fulham,MID
328,184349,3,5.5,Ryan Sessegnon,10,54,4,2,0,0,57,3.6,Fulham,MID
329,153682,3,5.5,Harry Wilson,10,54,6,2,0,0,78,3.1,Fulham,MID
330,207189,3,5.0,Sander Berge,10,54,0,0,0,0,53,1.7,Fulham,MID
331,76357,3,5.0,Tom Cairney,10,54,2,0,0,0,33,1.3,Fulham,MID
332,212314,3,5.0,Saša Lukić,10,54,0,2,0,0,56,1.9,Fulham,MID
333,573062,3,4.5,Martial Godo,10,54,0,0,0,0,2,1.0,Fulham,MID
334,515024,3,4.5,Luke Harris,10,54,0,0,0,0,0,0.0,Fulham,MID
335,577725,3,4.5,Josh King,10,54,0,0,0,0,10,1.2,Fulham,MID
336,153366,3,4.5,Harrison Reed,10,54,0,0,0,0,10,0.8,Fulham,MID
337,102057,4,6.5,Raúl Jiménez Rodríguez,10,54,12,3,0,0,147,3.9,Fulham,FWD
338,244042,4,5.5,Rodrigo Muniz Carvalho,10,54,8,1,0,0,86,2.8,Fulham,FWD
664,86873,1,4.0,Benjamin Lecomte,10,54,0,0,0,0,0,0.0,Fulham,GKP
339,437495,1,4.5,Illan Meslier,11,2,0,0,0,0,0,0.0,Leeds,GKP
340,97846,1,4.0,Alex Cairns,11,2,0,0,0,0,0,0.0,Leeds,GKP
341,59735,1,4.0,Karl Darlow,11,2,0,0,0,0,0,0.0,Leeds,GKP
342,226182,2,4.5,Jayden Bogle,11,2,0,0,0,0,0,0.0,Leeds,DEF
343,222694,2,4.5,Pascal Struijk,11,2,0,0,0,0,0,0.0,Leeds,DEF
344,434752,2,4.0,Jaka Bijol,11,2,0,0,0,0,0,0.0,Leeds,DEF
345,437738,2,4.0,Sebastiaan Bornauw,11,2,0,0,0,0,0,0.0,Leeds,DEF
346,113564,2,4.0,Sam Byram,11,2,0,0,0,0,0,0.0,Leeds,DEF
347,243526,2,4.0,Gabriel Gudmundsson,11,2,0,0,0,0,0,0.0,Leeds,DEF
348,214225,2,4.0,Joe Rodon,11,2,0,0,0,0,0,0.0,Leeds,DEF
349,492368,2,4.0,Isaac Schmidt,11,2,0,0,0,0,0,0.0,Leeds,DEF
350,427637,3,5.5,Brenden Aaronson,11,2,0,0,0,0,0,0.0,Leeds,MID
351,492859,3,5.5,Wilfried Gnonto,11,2,0,0,0,0,0,0.0,Leeds,MID
352,221399,3,5.5,Jack Harrison,11,2,1,3,0,0,81,2.4,Leeds,MID
353,200617,3,5.5,Daniel James,11,2,0,0,0,0,0,0.0,Leeds,MID
354,199598,3,5.0,Ethan Ampadu,11,2,0,0,0,0,0,0.0,Leeds,MID
355,248937,3,5.0,Sam Greenwood,11,2,0,0,0,0,0,0.0,Leeds,MID
356,486520,3,5.0,Ilia Gruev,11,2,0,0,0,0,0,0.0,Leeds,MID
357,433952,3,5.0,Largie Ramazani,11,2,0,0,0,0,0,0.0,Leeds,MID
358,248056,3,5.0,Tanaka Ao,11,2,0,0,0,0,0,0.0,Leeds,MID
359,536119,3,4.5,Charlie Crew,11,2,0,0,0,0,0,0.0,Leeds,MID
360,462635,3,4.5,Joe Gelhardt,11,2,0,0,0,0,0,0.0,Leeds,MID
361,470294,3,4.5,Darko Gyabi,11,2,0,0,0,0,0,0.0,Leeds,MID
362,235826,4,5.5,Joël Piroe,11,2,0,0,0,0,0,0.0,Leeds,FWD
363,106617,4,5.0,Patrick Bamford,11,2,0,0,0,0,0,0.0,Leeds,FWD
364,565297,4,5.0,Mateo Joseph Fernández-Regatillo,11,2,0,0,0,0,0,0.0,Leeds,FWD
365,174594,4,5.0,Lukas Nmecha,11,2,0,0,0,0,0,0.0,Leeds,FWD
493,180135,3,5.0,Sean Longstaff,11,2,0,1,0,0,34,1.4,Leeds,MID
660,466525,3,5.0,Anton Stach,11,2,0,0,0,0,0,0.0,Leeds,MID
665,201595,1,4.5,Lucas Estella Perri,11,2,0,0,0,0,0,0.0,Leeds,GKP
366,116535,1,5.5,Alisson Becker,12,14,0,0,0,0,112,4.0,Liverpool,GKP
367,449027,1,4.5,Giorgi Mamardashvili,12,14,0,0,0,0,0,0.0,Liverpool,GKP
368,586268,1,4.0,Ármin Pécsi,12,14,0,0,0,0,0,0.0,Liverpool,GKP
369,155503,1,4.0,Freddie Woodman,12,14,0,0,0,0,0,0.0,Liverpool,GKP
370,216094,2,6.0,Jeremie Frimpong,12,14,0,0,0,0,0,0.0,Liverpool,DEF
371,544877,2,6.0,Milos Kerkez,12,14,2,6,0,0,134,3.5,Liverpool,DEF
372,122798,2,6.0,Andrew Robertson,12,14,0,1,1,0,91,2.8,Liverpool,DEF
373,97032,2,6.0,Virgil van Dijk,12,14,3,1,0,0,143,3.9,Liverpool,DEF
374,204716,2,5.5,Ibrahima Konaté,12,14,1,2,0,0,106,3.4,Liverpool,DEF
375,492777,2,5.0,Conor Bradley,12,14,0,2,0,0,41,2.2,Liverpool,DEF
376,171287,2,5.0,Joe Gomez,12,14,0,0,0,0,14,1.6,Liverpool,DEF
377,214285,2,5.0,Konstantinos Tsimikas,12,14,0,1,0,0,43,2.4,Liverpool,DEF
378,611926,2,4.0,Amara Nallo,12,14,0,0,0,0,0,0.0,Liverpool,DEF
379,219937,2,4.0,Rhys Williams,12,14,0,0,0,0,0,0.0,Liverpool,DEF
380,489580,2,4.0,Calvin Ramsay,12,14,0,0,0,0,0,0.0,Liverpool,DEF
381,118748,3,14.5,Mohamed Salah,12,14,29,18,0,0,344,9.1,Liverpool,MID
382,494595,3,8.5,Florian Wirtz,12,14,0,0,0,0,0,0.0,Liverpool,MID
383,244731,3,8.0,Luis Díaz Marulanda,12,14,13,7,0,0,183,5.1,Liverpool,MID
384,243298,3,7.5,Cody Gakpo,12,14,10,5,0,0,127,3.6,Liverpool,MID
385,223541,3,6.5,Federico Chiesa,12,14,0,0,0,0,7,1.2,Liverpool,MID
386,243016,3,6.5,Alexis Mac Allister,12,14,5,6,0,0,122,3.5,Liverpool,MID
387,424876,3,6.5,Dominik Szoboszlai,12,14,6,10,0,0,143,4.0,Liverpool,MID
388,206915,3,5.5,Curtis Jones,12,14,3,5,0,0,87,2.6,Liverpool,MID
389,444884,3,5.5,Harvey Elliott,12,14,1,2,0,0,33,1.8,Liverpool,MID
390,441266,3,5.5,Ryan Gravenberch,12,14,0,4,0,0,92,2.5,Liverpool,MID
391,496208,3,5.0,Ben Doak,12,14,0,0,0,0,0,0.0,Liverpool,MID
392,158983,3,5.0,Endo Wataru,12,14,0,0,0,0,21,1.1,Liverpool,MID
393,535928,3,4.5,Stefan Bajčetić Maquieira,12,14,0,0,0,0,0,0.0,Liverpool,MID
394,491501,3,4.5,James McConnell,12,14,0,0,0,0,0,0.0,Liverpool,MID
395,440148,3,4.5,Tyler Morton,12,14,0,0,0,0,0,0.0,Liverpool,MID
396,591386,3,4.5,Trey Nyoni,12,14,0,0,0,0,0,0.0,Liverpool,MID
397,447203,4,6.5,Darwin Núñez Ribeiro,12,14,5,3,0,0,66,2.2,Liverpool,FWD
398,500058,4,4.5,Jayden Danns,12,14,0,0,0,0,1,1.0,Liverpool,FWD
661,510663,4,8.5,Hugo Ekitiké,12,14,0,0,0,0,0,0.0,Liverpool,FWD
182,432720,1,5.0,James Trafford,13,43,0,0,0,0,0,0.0,Man City,GKP
399,121160,1,5.5,Ederson Santana de Moraes,13,43,0,4,0,0,111,4.3,Man City,GKP
400,88248,1,5.0,Stefan Ortega Moreno,13,43,0,0,0,0,35,2.7,Man City,GKP
401,122074,1,4.0,Marcus Bettinelli,13,43,0,0,0,0,0,0.0,Man City,GKP
402,448514,2,6.0,Rayan Aït-Nouri,13,43,4,7,0,0,125,3.4,Man City,DEF
403,477424,2,6.0,Joško Gvardiol,13,43,5,0,0,0,153,4.1,Man City,DEF
404,211975,2,5.5,Manuel Akanji,13,43,0,0,0,0,61,2.3,Man City,DEF
405,126184,2,5.5,Nathan Aké,13,43,0,0,0,0,25,2.5,Man City,DEF
406,578153,2,5.5,Abdukodir Khusanov,13,43,0,0,1,0,14,2.3,Man City,DEF
407,465351,2,5.5,Matheus Nunes,13,43,1,7,0,0,81,3.1,Man City,DEF
408,171314,2,5.5,Rúben dos Santos Gato Alves Dias,13,43,0,0,1,0,90,3.3,Man City,DEF
409,97299,2,5.5,John Stones,13,43,2,0,0,0,29,2.6,Man City,DEF
410,477064,2,5.0,Rico Lewis,13,43,1,2,0,0,66,2.4,Man City,DEF
411,472769,2,5.0,Nico O'Reilly,13,43,2,0,0,0,31,3.4,Man City,DEF
412,616222,2,5.0,Vitor de Oliveira Nunes dos Reis,13,43,0,0,0,0,1,1.0,Man City,DEF
413,438234,3,8.5,Omar Marmoush,13,43,7,1,0,0,73,4.6,Man City,MID
414,209244,3,8.0,Phil Foden,13,43,7,3,0,0,105,3.8,Man City,MID
415,510281,3,7.0,Sávio Moreira de Oliveira,13,43,1,11,0,0,106,3.7,Man City,MID
416,165809,3,6.5,Bernardo Mota Veiga de Carvalho e Silva,13,43,4,4,0,0,110,3.3,Man City,MID
417,466052,3,6.5,Rayan Cherki,13,43,0,0,0,0,0,0.0,Man City,MID
418,248875,3,6.5,Jérémy Doku,13,43,3,6,0,0,88,3.0,Man City,MID
419,114283,3,6.5,Jack Grealish,13,43,1,1,0,0,38,1.9,Man City,MID
420,59859,3,6.5,İlkay Gündoğan,13,43,1,7,0,0,97,2.9,Man City,MID
421,220566,3,6.5,Rodrigo 'Rodri' Hernandez Cascante,13,43,0,0,0,0,3,1.0,Man City,MID
422,91651,3,6.0,Mateo Kovačić,13,43,6,3,0,0,109,3.5,Man City,MID
423,465694,3,6.0,Nico González Iglesias,13,43,1,1,0,0,31,2.8,Man City,MID
424,477555,3,5.5,Oscar Bobb,13,43,0,0,0,0,3,1.0,Man City,MID
425,575204,3,5.5,Claudio Echeverri,13,43,0,0,0,0,1,1.0,Man City,MID
426,432714,3,5.5,James McAtee,13,43,3,0,0,0,31,2.1,Man City,MID
427,433036,3,5.5,Tijjani Reijnders,13,43,0,0,0,0,0,0.0,Man City,MID
428,566164,3,5.0,Sverre Nypan,13,43,0,0,0,0,0,0.0,Man City,MID
429,155405,3,5.0,Kalvin Phillips,13,43,0,0,0,0,27,1.4,Man City,MID
430,223094,4,14.0,Erling Haaland,13,43,22,3,0,1,181,5.8,Man City,FWD
119,446008,3,8.0,Bryan Mbeumo,14,1,20,9,0,1,236,6.2,Man Utd,MID
431,451302,1,5.0,Altay Bayındır,14,1,0,0,0,0,8,2.0,Man Utd,GKP
432,202641,1,5.0,André Onana,14,1,0,0,0,0,120,3.5,Man Utd,GKP
433,588555,1,4.0,Elyh Harrison,14,1,0,0,0,0,0,0.0,Man Utd,GKP
434,21205,1,4.0,Tom Heaton,14,1,0,0,0,0,0,0.0,Man Utd,GKP
435,461537,1,4.0,Dermot Mee,14,1,0,0,0,0,0,0.0,Man Utd,GKP
436,209365,2,5.0,Matthijs de Ligt,14,1,2,0,0,0,68,2.3,Man Utd,DEF
437,221820,2,5.0,Lisandro Martínez,14,1,2,1,0,0,68,3.4,Man Utd,DEF
438,230001,2,5.0,Noussair Mazraoui,14,1,0,1,0,0,88,2.4,Man Utd,DEF
439,661712,2,4.5,Diego León Blanco,14,1,0,0,0,0,0,0.0,Man Utd,DEF
440,216051,2,4.5,Diogo Dalot Teixeira,14,1,0,4,0,0,95,2.9,Man Utd,DEF
441,596777,2,4.5,Patrick Dorgu,14,1,0,0,0,0,18,1.5,Man Utd,DEF
442,95658,2,4.5,Harry Maguire,14,1,1,0,0,0,48,1.8,Man Utd,DEF
443,106760,2,4.5,Luke Shaw,14,1,0,0,1,0,5,0.7,Man Utd,DEF
444,550864,2,4.5,Leny Yoro,14,1,0,0,0,0,22,1.0,Man Utd,DEF
445,577974,2,4.0,Harry Amass,14,1,0,0,0,0,4,0.8,Man Utd,DEF
446,547676,2,4.0,Tyler Fredricson,14,1,0,0,0,0,2,1.0,Man Utd,DEF
447,606745,2,4.0,Ayden Heaven,14,1,0,0,0,0,10,2.5,Man Utd,DEF
448,222690,2,4.0,Tyrell Malacia,14,1,0,0,0,0,2,0.7,Man Utd,DEF
449,141746,3,9.0,Bruno Borges Fernandes,14,1,8,12,0,0,174,4.8,Man Utd,MID
450,430871,3,8.0,Matheus Santos Carneiro da Cunha,14,1,15,7,0,0,178,5.4,Man Utd,MID
451,176297,3,7.0,Marcus Rashford,14,1,6,4,0,0,95,3.8,Man Utd,MID
452,493250,3,6.5,Amad Diallo,14,1,8,8,0,0,129,5.0,Man Utd,MID
453,493105,3,6.5,Alejandro Garnacho Ferreyra,14,1,6,4,0,0,106,2.9,Man Utd,MID
454,467169,3,6.0,Antony dos Santos,14,1,0,0,0,0,8,1.0,Man Utd,MID
455,184341,3,6.0,Mason Mount,14,1,1,0,0,0,25,1.5,Man Utd,MID
456,209243,3,6.0,Jadon Sancho,14,1,3,5,0,0,86,2.8,Man Utd,MID
457,61256,3,5.5,Carlos Henrique Casimiro,14,1,1,0,0,0,48,2.0,Man Utd,MID
458,516895,3,5.0,Kobbie Mainoo,14,1,0,0,0,0,42,1.7,Man Utd,MID
459,232112,3,5.0,Manuel Ugarte Ribeiro,14,1,1,2,1,0,49,1.7,Man Utd,MID
460,490881,3,4.5,Toby Collyer,14,1,0,0,0,0,6,1.0,Man Utd,MID
461,556639,3,4.5,Jayce Fitzgerald,14,1,0,0,0,0,0,0.0,Man Utd,MID
462,547037,3,4.5,Jack Fletcher,14,1,0,0,0,0,0,0.0,Man Utd,MID
463,618873,3,4.5,Sékou Koné,14,1,0,0,0,0,0,0.0,Man Utd,MID
464,559684,3,4.5,Jack Moorhouse,14,1,0,0,0,0,0,0.0,Man Utd,MID
465,497894,4,6.5,Rasmus Højlund,14,1,4,1,0,0,78,2.4,Man Utd,FWD
466,458249,4,6.0,Joshua Zirkzee,14,1,3,2,0,0,64,2.0,Man Utd,FWD
467,596047,4,4.5,Chido Obi,14,1,0,0,0,0,7,1.0,Man Utd,FWD
468,575034,4,4.5,Ethan Wheatley,14,1,0,0,0,0,0,0.0,Man Utd,FWD
469,98747,1,5.0,Nick Pope,15,4,0,0,0,0,102,3.6,Newcastle,GKP
470,67089,1,4.0,Martin Dúbravka,15,4,0,0,0,0,44,4.4,Newcastle,GKP
471,81441,1,4.0,Mark Gillespie,15,4,0,0,0,0,0,0.0,Newcastle,GKP
472,111452,1,4.0,Odysseas Vlachodimos,15,4,0,0,0,0,0,0.0,Newcastle,GKP
473,487838,2,5.5,Lewis Hall,15,4,0,7,0,0,102,3.8,Newcastle,DEF
474,119471,2,5.5,Fabian Schär,15,4,4,2,0,0,118,3.5,Newcastle,DEF
475,220237,2,5.0,Sven Botman,15,4,0,0,0,0,18,2.2,Newcastle,DEF
476,78916,2,5.0,Dan Burn,15,4,1,1,2,0,115,3.1,Newcastle,DEF
477,441191,2,5.0,Tino Livramento,15,4,0,1,0,0,105,2.8,Newcastle,DEF
478,77794,2,5.0,Kieran Trippier,15,4,0,3,0,0,72,2.9,Newcastle,DEF
479,111773,2,4.5,Emil Krafth,15,4,0,0,0,0,17,1.4,Newcastle,DEF
480,101148,2,4.5,Jamaal Lascelles,15,4,0,0,0,0,0,0.0,Newcastle,DEF
481,545477,2,4.0,Alex Murphy,15,4,0,0,0,0,0,0.0,Newcastle,DEF
482,441024,2,4.0,Harrison Ashby,15,4,0,0,0,0,0,0.0,Newcastle,DEF
483,578512,2,4.0,Miodrag Pivaš,15,4,0,0,0,0,0,0.0,Newcastle,DEF
484,169359,2,4.0,Matt Targett,15,4,0,0,0,0,2,1.0,Newcastle,DEF
485,232826,3,7.5,Anthony Gordon,15,4,6,6,0,1,124,3.6,Newcastle,MID
486,449434,3,7.0,Anthony Elanga,15,4,6,11,0,0,153,4.0,Newcastle,MID
487,201666,3,6.5,Harvey Barnes,15,4,9,5,0,0,130,3.9,Newcastle,MID
488,208706,3,6.5,Bruno Guimarães Rodriguez Moura,15,4,5,6,0,0,135,3.6,Newcastle,MID
489,114243,3,6.5,Jacob Murphy,15,4,8,13,0,0,159,4.5,Newcastle,MID
490,180974,3,6.0,Joelinton Cássio Apolinário de Lira,15,4,4,4,0,0,99,3.4,Newcastle,MID
491,432422,3,5.5,Sandro Tonali,15,4,4,2,0,0,106,2.9,Newcastle,MID
492,640108,3,5.0,Antoñito Cordero Campillo,15,4,0,0,0,0,0,0.0,Newcastle,MID
494,200089,3,5.0,Joe Willock,15,4,0,2,0,0,46,1.4,Newcastle,MID
495,153127,3,4.5,Isaac Hayden,15,4,0,0,0,0,0,0.0,Newcastle,MID
496,564510,3,4.5,Garang Kuol,15,4,0,0,0,0,0,0.0,Newcastle,MID
497,547719,3,4.5,Lewis Miley,15,4,1,0,0,0,21,1.5,Newcastle,MID
498,461484,3,4.5,Joe White,15,4,0,0,0,0,0,0.0,Newcastle,MID
499,219168,4,10.5,Alexander Isak,15,4,23,6,0,0,211,6.2,Newcastle,FWD
500,538207,4,5.5,William Osula,15,4,1,0,0,0,19,1.4,Newcastle,FWD
501,599303,4,4.5,Sean Neave,15,4,0,0,0,0,0,0.0,Newcastle,FWD
502,85633,1,5.0,Matz Sels,16,17,0,1,0,0,150,3.9,Nott'm Forest,GKP
503,475123,1,4.0,Carlos Miguel dos Santos Pereira,16,17,0,0,0,0,0,0.0,Nott'm Forest,GKP
504,224068,1,4.0,Matt Turner,16,17,0,0,0,0,0,0.0,Nott'm Forest,GKP
505,227444,2,5.5,Nikola Milenković,16,17,5,2,0,0,145,3.9,Nott'm Forest,DEF
506,575476,2,5.5,Murillo Costa dos Santos,16,17,2,0,0,0,130,3.6,Nott'm Forest,DEF
507,159506,2,5.0,Ola Aina,16,17,2,1,0,0,128,3.7,Nott'm Forest,DEF
508,215136,2,5.0,Neco Williams,16,17,1,3,0,0,109,3.1,Nott'm Forest,DEF
509,451432,2,4.5,David Mota Veiga Teixeira do Carmo,16,17,0,0,0,0,0,0.0,Nott'm Forest,DEF
510,575458,2,4.5,Jair Paula da Cunha Filho,16,17,0,0,0,0,0,0.0,Nott'm Forest,DEF
511,485047,2,4.5,Felipe Rodrigues da Silva,16,17,0,0,0,0,36,1.4,Nott'm Forest,DEF
512,204822,2,4.5,Omar Richards,16,17,0,0,0,0,0,0.0,Nott'm Forest,DEF
513,549067,2,4.0,Zach Abbott,16,17,0,0,0,0,0,0.0,Nott'm Forest,DEF
514,90585,2,4.0,Willy Boly,16,17,0,0,0,0,6,1.0,Nott'm Forest,DEF
515,222531,3,7.5,Morgan Gibbs-White,16,17,7,11,0,0,154,4.5,Nott'm Forest,MID
516,209046,3,6.0,Callum Hudson-Odoi,16,17,5,3,0,0,103,3.3,Nott'm Forest,MID
517,215379,3,5.5,Elliot Anderson,16,17,2,6,0,0,107,2.9,Nott'm Forest,MID
518,510500,3,5.5,João Pedro Ferreira da Silva,16,17,3,2,0,0,52,1.7,Nott'm Forest,MID
519,250199,3,5.0,Nicolás Domínguez,16,17,0,1,0,0,54,1.6,Nott'm Forest,MID
520,243345,3,5.0,Lewis O'Brien,16,17,0,0,0,0,0,0.0,Nott'm Forest,MID
521,210462,3,5.0,Ibrahim Sangaré,16,17,0,1,0,0,20,1.5,Nott'm Forest,MID
522,204968,3,5.0,Ryan Yates,16,17,2,2,0,0,67,1.9,Nott'm Forest,MID
523,569014,3,4.5,Eric da Silva Moreira,16,17,0,0,0,0,2,1.0,Nott'm Forest,MID
524,495161,3,4.5,Marko Stamenić,16,17,0,0,0,0,0,0.0,Nott'm Forest,MID
525,60689,4,7.5,Chris Wood,16,17,20,3,0,0,200,5.6,Nott'm Forest,FWD
526,482973,4,6.0,Igor Jesus Maciel da Cruz,16,17,0,0,0,0,0,0.0,Nott'm Forest,FWD
527,210156,4,5.5,Taiwo Awoniyi,16,17,1,0,0,0,32,1.2,Nott'm Forest,FWD
528,232571,1,4.5,Anthony Patterson,17,56,0,0,0,0,0,0.0,Sunderland,GKP
529,74854,1,4.0,Simon Moore,17,56,0,0,0,0,0,0.0,Sunderland,GKP
530,490000,1,4.0,Blondy Nna Noukeu,17,56,0,0,0,0,0,0.0,Sunderland,GKP
531,223827,2,4.5,Daniel Ballard,17,56,0,0,0,0,0,0.0,Sunderland,DEF
532,487676,2,4.5,Trai Hume,17,56,0,0,0,0,0,0.0,Sunderland,DEF
533,220684,2,4.0,Aji Alese,17,56,0,0,0,0,0,0.0,Sunderland,DEF
534,232820,2,4.0,Joe Anderson,17,56,0,0,0,0,0,0.0,Sunderland,DEF
535,461195,2,4.0,Dennis Cirkin,17,56,0,0,0,0,0,0.0,Sunderland,DEF
536,477547,2,4.0,Leo Fuhr Hjelde,17,56,0,0,0,0,0,0.0,Sunderland,DEF
537,492066,2,4.0,Niall Huggins,17,56,0,0,0,0,0,0.0,Sunderland,DEF
538,514613,2,4.0,Zak Johnson,17,56,0,0,0,0,0,0.0,Sunderland,DEF
539,167512,2,4.0,Luke O'Nien,17,56,0,0,0,0,0,0.0,Sunderland,DEF
540,465702,2,4.0,Timothée Pembélé,17,56,0,0,0,0,0,0.0,Sunderland,DEF
541,434399,2,4.0,Reinildo Mandava,17,56,0,0,0,0,0,0.0,Sunderland,DEF
542,519634,2,4.0,Jenson Seelt,17,56,0,0,0,0,0,0.0,Sunderland,DEF
543,535818,3,5.5,Simon Adingra,17,56,2,3,0,0,60,2.1,Sunderland,MID
544,547027,3,5.5,Habib Diarra,17,56,0,0,0,0,0,0.0,Sunderland,MID
545,124165,3,5.5,Patrick Roberts,17,56,0,0,0,0,0,0.0,Sunderland,MID
546,626844,3,5.0,Milan Aleksić,17,56,0,0,0,0,0,0.0,Sunderland,MID
547,484420,3,5.0,Enzo Le Fée,17,56,0,0,0,0,0,0.0,Sunderland,MID
548,461199,3,5.0,Romaine Mundle,17,56,0,0,0,0,0,0.0,Sunderland,MID
549,223336,3,5.0,Dan Neil,17,56,0,0,0,0,0,0.0,Sunderland,MID
550,215460,3,5.0,Ian Poveda-Ocampo,17,56,0,0,0,0,0,0.0,Sunderland,MID
551,554197,3,5.0,Chris Rigg,17,56,0,0,0,0,0,0.0,Sunderland,MID
552,577669,3,5.0,Noah Sadiki,17,56,0,0,0,0,0,0.0,Sunderland,MID
553,549912,3,5.0,Chemsdine Talbi,17,56,0,0,0,0,0,0.0,Sunderland,MID
554,477851,3,4.5,Abdoullah Ba,17,56,0,0,0,0,0,0.0,Sunderland,MID
555,171422,3,4.5,Alan Browne,17,56,0,0,0,0,0,0.0,Sunderland,MID
556,458297,3,4.5,Pierre Ekwah Elimby,17,56,0,0,0,0,0,0.0,Sunderland,MID
557,547410,3,4.5,Harrison Jones,17,56,0,0,0,0,0,0.0,Sunderland,MID
558,493837,3,4.5,Jay Matete,17,56,0,0,0,0,0,0.0,Sunderland,MID
559,500696,3,4.5,Nectarios Triantis,17,56,0,0,0,0,0,0.0,Sunderland,MID
560,437505,4,5.5,Wilson Isidor,17,56,0,0,0,0,0,0.0,Sunderland,FWD
561,564406,4,5.5,Eliezer Mayenda Dossou,17,56,0,0,0,0,0,0.0,Sunderland,FWD
562,611975,4,4.5,Ahmed Abdullahi,17,56,0,0,0,0,0,0.0,Sunderland,FWD
563,551153,4,4.5,Luís Hemir Silva Semedo,17,56,0,0,0,0,0,0.0,Sunderland,FWD
564,440955,4,4.5,Nazarii Rusyn,17,56,0,0,0,0,0,0.0,Sunderland,FWD
668,84450,3,5.0,Granit Xhaka,17,56,0,0,0,0,0,0.0,Sunderland,MID
565,184254,1,5.0,Guglielmo Vicario,18,6,0,0,0,0,66,2.8,Spurs,GKP
566,214572,1,4.0,Brandon Austin,18,6,0,0,0,0,1,1.0,Spurs,GKP
567,485055,1,4.0,Antonín Kinský,18,6,0,0,0,0,17,2.8,Spurs,GKP
568,441164,2,5.5,Pedro Porro Sauceda,18,6,2,6,0,0,98,3.0,Spurs,DEF
569,221632,2,5.0,Cristian Romero,18,6,1,1,0,0,49,2.7,Spurs,DEF
570,135720,2,4.5,Kevin Danso,18,6,0,0,0,0,16,1.6,Spurs,DEF
571,115556,2,4.5,Ben Davies,18,6,0,0,0,0,28,1.6,Spurs,DEF
572,493125,2,4.5,Radu Drăgușin,18,6,0,0,0,0,24,1.5,Spurs,DEF
573,232859,2,4.5,Djed Spence,18,6,1,2,1,0,51,2.0,Spurs,DEF
574,487053,2,4.5,Destiny Udogie,18,6,0,1,1,0,43,1.7,Spurs,DEF
575,491279,2,4.5,Micky van de Ven,18,6,0,2,0,0,32,2.5,Spurs,DEF
576,548308,2,4.0,Ashley Phillips,18,6,0,0,0,0,0,0.0,Spurs,DEF
577,553299,2,4.0,Takai Kōta,18,6,0,0,0,0,0,0.0,Spurs,DEF
578,610799,2,4.0,Luka Vušković,18,6,0,0,0,0,0,0.0,Spurs,DEF
579,85971,3,8.5,Son Heung-min,18,6,7,10,0,1,129,4.3,Spurs,MID
580,242898,3,7.0,Brennan Johnson,18,6,11,6,0,0,137,4.2,Spurs,MID
581,172780,3,7.0,James Maddison,18,6,9,8,0,0,133,4.3,Spurs,MID
582,460842,3,6.5,Mohammed Kudus,18,6,5,4,0,0,106,3.3,Spurs,MID
583,445044,3,6.5,Dejan Kulusevski,18,6,7,4,0,0,117,3.7,Spurs,MID
584,511499,3,6.5,Mathys Tel,18,6,2,2,0,0,42,3.2,Spurs,MID
585,202993,3,5.5,Rodrigo Bentancur,18,6,2,0,0,0,49,1.9,Spurs,MID
586,570526,3,5.5,Lucas Bergvall,18,6,0,2,0,0,44,1.6,Spurs,MID
587,227127,3,5.5,Yves Bissouma,18,6,2,0,0,0,50,1.8,Spurs,MID
588,550839,3,5.5,Wilson Odobert,18,6,1,0,0,0,34,2.1,Spurs,MID
589,235674,3,5.5,Manor Solomon,18,6,0,0,0,0,0,0.0,Spurs,MID
590,436234,3,5.0,Bryan Gil Salvatierra,18,6,0,0,0,0,0,0.0,Spurs,MID
591,547701,3,5.0,Archie Gray,18,6,0,0,1,0,45,1.6,Spurs,MID
592,499721,3,5.0,Mikey Moore,18,6,0,2,0,0,19,1.9,Spurs,MID
593,482442,3,5.0,Pape Matar Sarr,18,6,3,2,0,0,71,2.0,Spurs,MID
594,623095,3,4.5,Yang Min-hyeok,18,6,0,0,0,0,0,0.0,Spurs,MID
595,499726,3,4.5,Callum Olusesi,18,6,0,0,0,0,0,0.0,Spurs,MID
596,154566,4,7.5,Dominic Solanke-Mitchell,18,6,9,5,1,0,108,4.0,Spurs,FWD
597,212319,4,6.5,Richarlison de Andrade,18,6,4,1,0,0,35,2.3,Spurs,FWD
598,552427,4,4.5,Will Lankshear,18,6,0,0,0,0,3,1.0,Spurs,FWD
599,490145,4,4.5,Dane Scarlett,18,6,0,1,0,0,6,2.0,Spurs,FWD
600,84182,1,4.5,Alphonse Areola,19,21,0,0,1,0,69,2.7,West Ham,GKP
601,82143,1,4.0,Wes Foderingham,19,21,0,0,0,0,0,0.0,West Ham,GKP
602,483364,1,4.0,Krisztián Hegyi,19,21,0,0,0,0,0,0.0,West Ham,GKP
603,613804,2,4.5,El Hadji Malick Diouf,19,21,0,0,0,0,0,0.0,West Ham,DEF
604,109533,2,4.5,Emerson Palmieri dos Santos,19,21,2,1,0,0,76,2.5,West Ham,DEF
605,214048,2,4.5,Maximilian Kilman,19,21,0,1,0,0,82,2.2,West Ham,DEF
606,233963,2,4.5,Konstantinos Mavropanos,19,21,0,0,0,0,45,1.4,West Ham,DEF
607,210494,2,4.5,Nayef Aguerd,19,21,0,0,0,0,0,0.0,West Ham,DEF
608,536109,2,4.5,Ollie Scarles,19,21,0,0,0,0,29,1.9,West Ham,DEF
609,462116,2,4.5,Jean-Clair Todibo,19,21,0,0,0,0,54,2.0,West Ham,DEF
610,214590,2,4.5,Aaron Wan-Bissaka,19,21,2,6,1,0,118,3.3,West Ham,DEF
611,518438,2,4.0,Kaelan Casey,19,21,0,0,0,0,1,1.0,West Ham,DEF
612,224024,3,6.0,Lucas Tolentino Coelho de Lima,19,21,4,1,0,0,80,2.4,West Ham,MID
613,215439,3,6.0,Tomáš Souček,19,21,9,2,0,0,126,3.6,West Ham,MID
614,101178,3,6.0,James Ward-Prowse,19,21,1,2,0,0,51,2.1,West Ham,MID
615,450070,3,5.5,Crysencio Summerville,19,21,1,1,0,0,33,1.7,West Ham,MID
616,213999,3,5.0,Edson Álvarez Velázquez,19,21,0,1,0,0,40,1.4,West Ham,MID
617,149519,3,5.0,Maxwel Cornet,19,21,0,0,0,0,1,0.5,West Ham,MID
618,197024,3,5.0,Guido Rodríguez,19,21,0,1,0,0,36,1.6,West Ham,MID
619,577114,3,5.0,Luis Guilherme Lira dos Santos,19,21,0,0,0,0,12,1.0,West Ham,MID
620,490885,3,4.5,George Earthy,19,21,0,0,0,0,0,0.0,West Ham,MID
621,229384,3,4.5,Andy Irving,19,21,0,0,0,0,9,0.9,West Ham,MID
622,518442,3,4.5,Lewis Orford,19,21,0,0,0,0,2,1.0,West Ham,MID
623,490142,3,4.5,Freddie Potts,19,21,0,0,0,0,0,0.0,West Ham,MID
624,178186,4,8.0,Jarrod Bowen,19,21,13,11,0,0,193,5.7,West Ham,FWD
625,91889,4,6.0,Niclas Füllkrug,19,21,3,2,0,0,42,2.3,West Ham,FWD
626,565431,4,4.5,Callum Marshall,19,21,0,0,0,0,0,0.0,West Ham,FWD
659,158534,2,4.5,Kyle Walker-Peters,19,21,0,0,0,0,0,0.0,West Ham,DEF
627,101982,1,4.5,Sam Johnstone,20,39,0,0,0,0,12,1.7,Wolves,GKP
628,149065,1,4.5,José Malheiro de Sá,20,39,0,0,0,0,93,3.2,Wolves,GKP
629,79602,1,4.0,Daniel Bentley,20,39,0,0,0,0,9,4.5,Wolves,GKP
630,138001,1,4.0,Tom King,20,39,0,0,0,0,1,1.0,Wolves,GKP
631,516939,2,4.5,Emmanuel Agbadou,20,39,1,0,0,0,45,2.8,Wolves,DEF
632,87835,2,4.5,Matt Doherty,20,39,2,1,1,0,75,2.5,Wolves,DEF
633,490721,2,4.5,Hugo Bueno López,20,39,0,0,0,0,0,0.0,Wolves,DEF
634,501837,2,4.5,Yerson Mosquera Valdelamar,20,39,0,0,0,0,3,0.6,Wolves,DEF
635,483081,2,4.5,Rodrigo Martins Gomes,20,39,2,0,0,0,42,1.7,Wolves,DEF
636,231480,2,4.5,Santiago Ignacio Bueno,20,39,0,0,0,0,52,1.8,Wolves,DEF
637,510362,2,4.5,Toti Gomes,20,39,0,1,0,0,79,2.5,Wolves,DEF
638,441271,2,4.0,Ki-Jana Hoever,20,39,0,0,0,0,0,0.0,Wolves,DEF
639,560248,2,4.0,Bastien Meupiyou Menadjou,20,39,0,0,0,0,0,0.0,Wolves,DEF
640,641221,2,4.0,Pedro Cardoso de Lima,20,39,0,0,0,0,2,0.7,Wolves,DEF
641,517179,2,4.0,Alfie Pond,20,39,0,0,0,0,1,1.0,Wolves,DEF
642,184754,3,6.0,Hwang Hee-chan,20,39,2,1,0,0,37,1.8,Wolves,MID
643,509291,3,5.5,André Trindade da Costa Neto,20,39,0,0,0,0,61,1.8,Wolves,MID
644,231057,3,5.5,Jean-Ricner Bellegarde,20,39,2,7,0,0,90,2.6,Wolves,MID
645,643135,3,5.5,Fer López González,20,39,0,0,0,0,0,0.0,Wolves,MID
646,448089,3,5.5,João Victor Gomes da Silva,20,39,3,1,0,0,87,2.4,Wolves,MID
647,181284,3,5.5,Gonçalo Manuel Ganchinho Guedes,20,39,2,4,0,0,62,2.1,Wolves,MID
648,433312,3,5.5,Marshall Munetsi,20,39,2,2,0,0,50,3.6,Wolves,MID
649,476502,3,5.0,Boubacar Traoré,20,39,0,0,0,0,1,1.0,Wolves,MID
650,497606,3,4.5,Tawanda Chirewa,20,39,0,0,0,0,0,0.0,Wolves,MID
651,596054,3,4.5,Tom Edozie,20,39,0,0,0,0,0,0.0,Wolves,MID
652,593001,3,4.5,Enso González Medina,20,39,0,0,0,0,0,0.0,Wolves,MID
653,240299,3,4.5,Joe Hodge,20,39,0,0,0,0,0,0.0,Wolves,MID
654,247412,4,6.5,Jørgen Strand Larsen,20,39,14,4,0,0,145,4.1,Wolves,FWD
655,449988,4,5.0,Fábio Soares Silva,20,39,0,0,0,0,0,0.0,Wolves,FWD
656,429414,4,5.0,Saša Kalajdžić,20,39,0,0,0,0,0,0.0,Wolves,FWD
657,589507,4,4.5,Leon Chiwome,20,39,0,0,0,0,0,0.0,Wolves,FWD
658,531363,4,4.5,Nathan Fraser,20,39,0,0,0,0,0,0.0,Wolves,FWD
663,230376,3,5.5,Jhon Arias,20,39,0,0,0,0,0,0.0,Wolves,MID
